S.No.,Name,Time
1,Osama,4.914816379547119
2,Osama,5.3549230098724365
3,Osama,5.541942834854126
4,Osama,5.798532962799072
5,Osama,5.935070514678955
6,Osama,6.3541786670684814
7,Osama,6.676256418228149
8,Osama,6.772775888442993
