S.No.,Name,Time
1,Xxx,0.29729127883911133
2,Xxx,4.916439056396484
3,Xxx,5.113473176956177
4,Xxx,6.067301273345947
5,Xxx,6.423417329788208
6,Xxx,7.496143817901611
7,Xxx,8.186665773391724
8,Xxx,9.168355226516724
9,Xxx,9.44155240058899
10,Xxx,12.905106544494629
11,Xxx,13.379432678222656
